aclnnAbs	ops-math	math
aclnnAcosh	ops-math	experimental
aclnnAcosh	ops-math	math
aclnnAcos	ops-math	experimental
aclnnAcos	ops-math	math
aclnnAdaLayerNormBackward	ops-nn	norm
aclnnAdaLayerNorm	ops-nn	norm
aclnnAdaLayerNormQuant	ops-nn	norm
aclnnAdaLayerNormV2	ops-nn	norm
aclnnAdaptiveAvgPool2dBackward	ops-nn	pooling
aclnnAdaptiveAvgPool2d	ops-nn	pooling
aclnnAdaptiveAvgPool3dBackward	ops-nn	pooling
aclnnAdaptiveAvgPool3d	ops-nn	pooling
aclnnAdaptiveMaxPool2dBackward	ops-nn	pooling
aclnnAdaptiveMaxPool2d	ops-nn	pooling
aclnnAdaptiveMaxPool3dBackward	ops-nn	pooling
aclnnAdaptiveMaxPool3d	ops-nn	pooling
aclnnAddbmm	ops-nn	matmul
aclnnAddcdiv	ops-math	experimental
aclnnAddcdiv	ops-math	math
aclnnAddcmul	ops-math	experimental
aclnnAddcmul	ops-math	math
aclnnAddLayerNormGrad	ops-nn	norm
aclnnAddLayerNorm	ops-nn	norm
aclnnAddLayerNormQuant	ops-nn	norm
aclnnAddLora	ops-math	math
aclnnAddmm	ops-nn	matmul
aclnnAddmmWeightNz	ops-nn	matmul
aclnnAddmv	ops-nn	matmul
aclnnAdd	ops-math	math
aclnnAddRelu	ops-nn	activation
aclnnAddRmsNormCast	ops-nn	norm
aclnnAddRmsNormDynamicMxQuant	ops-nn	norm
aclnnAddRmsNormDynamicQuant	ops-nn	norm
aclnnAddRmsNormDynamicQuantV2	ops-nn	norm
aclnnAddRmsNorm	ops-nn	norm
aclnnAddRmsNormQuant	ops-nn	norm
aclnnAddRmsNormQuantV2	ops-nn	norm
aclnnAddr	ops-math	math
aclnnAdds	ops-math	math
aclnnAddV3	ops-math	math
aclnnAdvanceStep	ops-nn	optim
aclnnAdvanceStepV2	ops-nn	optim
aclnnAffineGrid	ops-math	math
aclnnAllGatherAdd	ops-transformer	examples
aclnnAllGatherMatmul	ops-transformer	mc2
aclnnAllGatherMatmulV2	ops-transformer	mc2
aclnnAll	ops-math	math
aclnnAlltoAllAllGatherBatchMatMul	ops-transformer	mc2
aclnnAlltoAllMatmul	ops-transformer	mc2
aclnnAlltoAllQuantMatmul	ops-transformer	mc2
aclnnAlltoAllvGroupedMatMul	ops-transformer	mc2
aclnnAlltoAllvQuantGroupedMatMul	ops-transformer	mc2
aclnnAmax	ops-math	math
aclnnAminmaxAll	ops-math	math
aclnnAminmaxDim	ops-math	math
aclnnAminmax	ops-math	math
aclnnAmin	ops-math	math
aclnnAngleV2	ops-math	math
aclnnAny	ops-math	math
aclnnApplyAdam	ops-nn	optim
aclnnApplyAdamW	ops-nn	optim
aclnnApplyAdamWQuant	ops-nn	optim
aclnnApplyAdamWV2	ops-nn	optim
aclnnApplyFusedEmaAdam	ops-nn	optim
aclnnApplyRotaryPosEmb	ops-transformer	posembedding
aclnnApplyRotaryPosEmbV2	ops-transformer	posembedding
aclnnApplyTopKTopP	ops-nn	index
aclnnArange	ops-math	math
aclnnArgMax	ops-math	math
aclnnArgMin	ops-math	math
aclnnArgsort	ops-math	math
aclnnAscendAntiQuant	ops-nn	quant
aclnnAscendQuant	ops-nn	quant
aclnnAscendQuantV3	ops-nn	quant
aclnnAsinh	ops-math	experimental
aclnnAsinh	ops-math	math
aclnnAsin	ops-math	math
aclnnAtan2	ops-math	math
aclnnAtanh	ops-math	math
aclnnAtan	ops-math	experimental
aclnnAtan	ops-math	math
aclnnAttentionToFFN	ops-transformer	mc2
aclnnAttentionUpdate	ops-transformer	attention
aclnnAvgPool2dBackward	ops-nn	pooling
aclnnAvgPool2d	ops-nn	pooling
aclnnAvgPool3dBackward	ops-nn	pooling
aclnnAvgPool3d	ops-nn	pooling
aclnnAxpyV2	ops-math	experimental
aclnnBackgroundReplace	ops-cv	objdetect
aclnnBaddbmm	ops-nn	matmul
aclnnBatchMatMul	ops-nn	matmul
aclnnBatchMatmulQuant	ops-nn	matmul
aclnnBatchMatMulReduceScatterAlltoAll	ops-transformer	mc2
aclnnBatchMatMulWeightNz	ops-nn	matmul
aclnnBatchNormBackward	ops-nn	norm
aclnnBatchNormElemtBackward	ops-nn	norm
aclnnBatchNormElemt	ops-nn	norm
aclnnBatchNormGatherStatsWithCounts	ops-nn	norm
aclnnBatchNorm	ops-nn	norm
aclnnBatchNormReduceBackward	ops-nn	norm
aclnnBatchNormReduce	ops-nn	norm
aclnnBatchNormStats	ops-math	math
aclnnBernoulli	ops-math	random
aclnnBernoulliTensor	ops-math	random
aclnnBidirectionLSTM	ops-nn	rnn
aclnnBidirectionLSTMV2	ops-nn	rnn
aclnnBinaryCrossEntropyBackward	ops-nn	loss
aclnnBinaryCrossEntropy	ops-nn	loss
aclnnBinaryCrossEntropyWithLogitsBackward	ops-nn	loss
aclnnBinaryCrossEntropyWithLogits	ops-nn	loss
aclnnBinaryCrossEntropyWithLogitsTargetBackward	ops-nn	activation
aclnnBincount	ops-math	math
aclnnBitwiseAndScalar	ops-math	experimental
aclnnBitwiseAndScalar	ops-math	math
aclnnBitwiseAndTensor	ops-math	experimental
aclnnBitwiseAndTensor	ops-math	math
aclnnBitwiseAndTensorOut	ops-math	math
aclnnBitwiseNot	ops-math	math
aclnnBitwiseOrScalar	ops-math	math
aclnnBitwiseOrTensor	ops-math	math
aclnnBitwiseXorScalar	ops-math	math
aclnnBitwiseXorTensor	ops-math	math
aclnnBlendImagesCustom	ops-cv	objdetect
aclnnBlitzSparseAttention	ops-transformer	experimental
aclnnBlockSparseAttentionGrad	ops-transformer	attention
aclnnBlockSparseAttention	ops-transformer	attention
aclnnCalculateConvolutionWeightSize	ops-math	conversion
aclnnCalculateMatmulWeightSize	ops-math	conversion
aclnnCalculateMatmulWeightSizeV2	ops-math	conversion
aclnnCast	ops-math	experimental
aclnnCast	ops-math	math
aclnnCat	ops-math	conversion
aclnnCdistBackward	ops-math	experimental
aclnnCdistBackward	ops-math	math
aclnnCdist	ops-math	math
aclnnCeil	ops-math	math
aclnnCelu	ops-nn	activation
aclnnChamferDistanceBackward	ops-nn	loss
aclnnChannelShuffle	ops-math	conversion
aclnnChunkCat	ops-math	conversion
aclnnCIoU	ops-cv	objdetect
aclnnCircularPad2dBackward	ops-math	conversion
aclnnCircularPad2d	ops-math	conversion
aclnnCircularPad3dBackward	ops-math	conversion
aclnnCircularPad3d	ops-math	conversion
aclnnClampMax	ops-math	conversion
aclnnClampMax	ops-math	experimental
aclnnClampMaxTensor	ops-math	conversion
aclnnClampMaxTensor	ops-math	experimental
aclnnClampMin	ops-math	conversion
aclnnClampMin	ops-math	experimental
aclnnClampMinTensor	ops-math	conversion
aclnnClampMinTensor	ops-math	experimental
aclnnClamp	ops-math	conversion
aclnnClamp	ops-math	experimental
aclnnClampTensor	ops-math	conversion
aclnnClampTensor	ops-math	experimental
aclnnClippedSwiglu	ops-nn	activation
aclnnCoalesceSparse	ops-math	conversion
aclnnComplex	ops-math	math
aclnnConfusionTranspose	ops-math	conversion
aclnnConstantPadNd	ops-math	conversion
aclnnConvDepthwise2d	ops-nn	conv
aclnnConvertWeightToINT4Pack	ops-nn	matmul
aclnnConvolutionBackward	ops-nn	conv
aclnnConvolution	ops-nn	conv
aclnnConvTbcBackward	ops-nn	conv
aclnnConvTbc	ops-nn	conv
aclnnCosh	ops-math	math
aclnnCos	ops-math	experimental
aclnnCos	ops-math	math
aclnnCrossEntropyLossGrad	ops-nn	loss
aclnnCrossEntropyLoss	ops-nn	loss
aclnnCtcLossBackward	ops-nn	loss
aclnnCtcLoss	ops-nn	loss
aclnnCummax	ops-math	math
aclnnCummin	ops-math	math
aclnnCumprod	ops-math	math
aclnnCumsum	ops-math	math
aclnnCumsumV2	ops-math	math
aclnnDeepNormGrad	ops-nn	norm
aclnnDeepNorm	ops-nn	norm
aclnnDeformableConv2d	ops-nn	conv
aclnnDenseLightningIndexerGradKLLoss	ops-transformer	attention
aclnnDenseLightningIndexerSoftmaxLse	ops-transformer	attention
aclnnDequantBias	ops-nn	quant
aclnnDequantRopeQuantKvcache	ops-transformer	posembedding
aclnnDequantSwigluQuant	ops-nn	quant
aclnnDequantSwigluQuantV2	ops-nn	quant
aclnnDiagFlat	ops-math	conversion
aclnnDiag	ops-math	conversion
aclnnDigamma	ops-math	math
aclnnDistributeBarrier	ops-transformer	mc2
aclnnDistributeBarrierV2	ops-transformer	mc2
aclnnDivMod	ops-math	math
aclnnDivMods	ops-math	math
aclnnDiv	ops-math	math
aclnnDivs	ops-math	math
aclnnDivV3	ops-math	experimental
aclnnDot	ops-math	math
aclnnDropoutBackward	ops-math	random
aclnnDropoutDoMask	ops-math	random
aclnnDropoutGenMask	ops-math	random
aclnnDropoutGenMaskV2	ops-math	random
aclnnDropoutGenMaskV2Tensor	ops-math	random
aclnnDropout	ops-math	random
aclnnDropoutV3	ops-math	random
aclnnDualLevelQuantMatmulWeightNz	ops-nn	matmul
aclnnDynamicBlockMxQuant	ops-nn	quant
aclnnDynamicBlockQuant	ops-nn	quant
aclnnDynamicBlockQuantV2	ops-nn	quant
aclnnDynamicDualLevelMxQuant	ops-nn	quant
aclnnDynamicMxQuant	ops-nn	quant
aclnnDynamicMxQuantV2	ops-nn	quant
aclnnDynamicMxQuantWithDualAxis	ops-nn	quant
aclnnDynamicQuant	ops-nn	quant
aclnnDynamicQuantV2	ops-nn	quant
aclnnDynamicQuantV3	ops-nn	quant
aclnnDynamicQuantV4	ops-nn	quant
aclnnEinsum	ops-nn	matmul
aclnnEluBackward	ops-nn	activation
aclnnElu	ops-nn	activation
aclnnEmbeddingBag	ops-nn	index
aclnnEmbeddingDenseBackward	ops-nn	index
aclnnEmbedding	ops-nn	index
aclnnEmbeddingRenorm	ops-nn	index
aclnnEqScalar	ops-math	math
aclnnEqTensor	ops-math	math
aclnnEqual	ops-math	math
aclnnErfc	ops-math	math
aclnnErfinv	ops-nn	activation
aclnnErf	ops-math	experimental
aclnnErf	ops-math	math
aclnnExp2	ops-math	math
aclnnExpandIntoJaggedPermute	ops-nn	index
aclnnExpand	ops-math	math
aclnnExpandv	ops-math	experimental
aclnnExpm1	ops-math	math
aclnnExp	ops-math	experimental
aclnnExp	ops-math	math
aclnnExpSegsumBackward	ops-math	math
aclnnExpSegsum	ops-math	math
aclnnEye	ops-math	math
aclnnFakeQuantPerChannelAffineCachemask	ops-nn	quant
aclnnFakeQuantPerTensorAffineCachemask	ops-nn	quant
aclnnFastBatchNormBackward	ops-nn	norm
aclnnFastGeluBackward	ops-nn	activation
aclnnFastGelu	ops-nn	activation
aclnnFastGeluV2	ops-nn	experimental
aclnnFastLayerNorm	ops-nn	norm
aclnnFatreluMul	ops-nn	activation
aclnnFFN	ops-transformer	ffn
aclnnFFNToAttention	ops-transformer	mc2
aclnnFFNV2	ops-transformer	ffn
aclnnFFNV3	ops-transformer	ffn
aclnnFlashAttentionScoreGrad	ops-transformer	attention
aclnnFlashAttentionScoreGradV2	ops-transformer	attention
aclnnFlashAttentionScoreGradV3	ops-transformer	attention
aclnnFlashAttentionScoreGradV4	ops-transformer	attention
aclnnFlashAttentionScore	ops-transformer	attention
aclnnFlashAttentionScoreV2	ops-transformer	attention
aclnnFlashAttentionScoreV3	ops-transformer	attention
aclnnFlashAttentionScoreV4	ops-transformer	attention
aclnnFlashAttentionUnpaddingScoreGrad	ops-transformer	attention
aclnnFlashAttentionUnpaddingScoreGradV2	ops-transformer	attention
aclnnFlashAttentionUnpaddingScoreGradV3	ops-transformer	attention
aclnnFlashAttentionUnpaddingScoreGradV4	ops-transformer	attention
aclnnFlashAttentionUnpaddingScoreGradV5	ops-transformer	attention
aclnnFlashAttentionVarLenScore	ops-transformer	attention
aclnnFlashAttentionVarLenScoreV2	ops-transformer	attention
aclnnFlashAttentionVarLenScoreV3	ops-transformer	attention
aclnnFlashAttentionVarLenScoreV4	ops-transformer	attention
aclnnFlashAttentionVarLenScoreV5	ops-transformer	attention
aclnnFlatQuant	ops-nn	quant
aclnnFlatten	ops-math	conversion
aclnnFlip	ops-nn	index
aclnnFloorDivide	ops-math	math
aclnnFloorDivides	ops-math	math
aclnnFloorDiv	ops-math	experimental
aclnnFloor	ops-math	experimental
aclnnFloor	ops-math	math
aclnnFmodScalar	ops-math	math
aclnnFmodTensor	ops-math	math
aclnnForeachAbs	ops-nn	foreach
aclnnForeachAcos	ops-nn	foreach
aclnnForeachAddcdivList	ops-nn	foreach
aclnnForeachAddcdivScalarList	ops-nn	foreach
aclnnForeachAddcdivScalar	ops-nn	foreach
aclnnForeachAddcdivScalarV2	ops-nn	foreach
aclnnForeachAddcmulList	ops-nn	foreach
aclnnForeachAddcmulScalarList	ops-nn	foreach
aclnnForeachAddcmulScalar	ops-nn	foreach
aclnnForeachAddcmulScalarV2	ops-nn	foreach
aclnnForeachAddList	ops-nn	foreach
aclnnForeachAddListV2	ops-nn	foreach
aclnnForeachAddScalarList	ops-nn	foreach
aclnnForeachAddScalar	ops-nn	foreach
aclnnForeachAddScalarV2	ops-nn	foreach
aclnnForeachAsin	ops-nn	foreach
aclnnForeachAtan	ops-nn	foreach
aclnnForeachCopy	ops-nn	foreach
aclnnForeachCosh	ops-nn	foreach
aclnnForeachCos	ops-nn	foreach
aclnnForeachDivList	ops-nn	foreach
aclnnForeachDivScalarList	ops-nn	foreach
aclnnForeachDivScalar	ops-nn	foreach
aclnnForeachDivScalarV2	ops-nn	foreach
aclnnForeachErfc	ops-nn	foreach
aclnnForeachErf	ops-nn	foreach
aclnnForeachExpm1	ops-nn	foreach
aclnnForeachExp	ops-nn	foreach
aclnnForeachLerpList	ops-nn	foreach
aclnnForeachLerpScalar	ops-nn	foreach
aclnnForeachLog10	ops-nn	foreach
aclnnForeachLog1p	ops-nn	foreach
aclnnForeachLog2	ops-nn	foreach
aclnnForeachLog	ops-nn	foreach
aclnnForeachMaximumList	ops-nn	foreach
aclnnForeachMaximumScalarList	ops-nn	foreach
aclnnForeachMaximumScalar	ops-nn	foreach
aclnnForeachMaximumScalarV2	ops-nn	foreach
aclnnForeachMinimumList	ops-nn	foreach
aclnnForeachMinimumScalarList	ops-nn	foreach
aclnnForeachMinimumScalar	ops-nn	foreach
aclnnForeachMinimumScalarV2	ops-nn	foreach
aclnnForeachMulList	ops-nn	foreach
aclnnForeachMulScalarList	ops-nn	foreach
aclnnForeachMulScalar	ops-nn	foreach
aclnnForeachMulScalarV2	ops-nn	foreach
aclnnForeachNeg	ops-nn	foreach
aclnnForeachNonFiniteCheckAndUnscale	ops-nn	foreach
aclnnForeachNorm	ops-nn	foreach
aclnnForeachPowList	ops-nn	foreach
aclnnForeachPowScalarAndTensor	ops-nn	foreach
aclnnForeachPowScalarList	ops-nn	foreach
aclnnForeachPowScalar	ops-nn	foreach
aclnnForeachPowScalarV2	ops-nn	foreach
aclnnForeachReciprocal	ops-nn	foreach
aclnnForeachRoundOffNumber	ops-nn	foreach
aclnnForeachRoundOffNumberV2	ops-nn	foreach
aclnnForeachSigmoid	ops-nn	foreach
aclnnForeachSign	ops-nn	foreach
aclnnForeachSinh	ops-nn	foreach
aclnnForeachSin	ops-nn	foreach
aclnnForeachSqrt	ops-nn	foreach
aclnnForeachSubList	ops-nn	foreach
aclnnForeachSubListV2	ops-nn	foreach
aclnnForeachSubScalarList	ops-nn	foreach
aclnnForeachSubScalar	ops-nn	foreach
aclnnForeachSubScalarV2	ops-nn	foreach
aclnnForeachTanh	ops-nn	foreach
aclnnForeachTan	ops-nn	foreach
aclnnForeachZeroInplace	ops-nn	foreach
aclnnFrac	ops-math	math
aclnnFusedCausalConv1d	ops-transformer	attention
aclnnFusedCrossEntropyLossWithMaxSum	ops-nn	loss
aclnnFusedFloydAttentionGrad	ops-transformer	attention
aclnnFusedFloydAttention	ops-transformer	attention
aclnnFusedInferAttentionScore	ops-transformer	attention
aclnnFusedInferAttentionScoreV2	ops-transformer	attention
aclnnFusedInferAttentionScoreV3	ops-transformer	attention
aclnnFusedInferAttentionScoreV4	ops-transformer	attention
aclnnFusedInferAttentionScoreV5	ops-transformer	attention
aclnnFusedLinearCrossEntropyLossGrad	ops-nn	matmul
aclnnFusedLinearOnlineMaxSum	ops-nn	matmul
aclnnFusedMatmul	ops-nn	matmul
aclnnFusedQuantMatmul	ops-nn	matmul
aclnnFusedQuantMatmulWeightNz	ops-nn	matmul
aclnnGatherNd	ops-nn	index
aclnnGather	ops-nn	index
aclnnGatherPaKvCache	ops-transformer	attention
aclnnGatherV2	ops-nn	index
aclnnGatherV3	ops-nn	index
aclnnGcd	ops-math	math
aclnnGeGluBackward	ops-nn	activation
aclnnGeGlu	ops-nn	activation
aclnnGeGluV3Backward	ops-nn	activation
aclnnGeGluV3	ops-nn	activation
aclnnGeluBackward	ops-nn	activation
aclnnGeluBackwardV2	ops-nn	activation
aclnnGeluMul	ops-nn	activation
aclnnGelu	ops-nn	activation
aclnnGeluQuant	ops-nn	activation
aclnnGeluV2	ops-nn	activation
aclnnGemmaRmsNorm	ops-nn	norm
aclnnGemm	ops-nn	matmul
aclnnGer	ops-math	math
aclnnGeScalar	ops-math	math
aclnnGeTensor	ops-math	math
aclnnGlobalAveragePool	ops-math	math
aclnnGlobalMaxPool	ops-math	math
aclnnGluBackward	ops-nn	activation
aclnnGlu	ops-nn	activation
aclnnGridSampler2DBackward	ops-cv	image
aclnnGridSampler2D	ops-cv	image
aclnnGridSampler3DBackward	ops-cv	image
aclnnGridSampler3D	ops-cv	image
aclnnGroupedBiasAddGrad	ops-math	math
aclnnGroupedBiasAddGradV2	ops-math	math
aclnnGroupedDynamicBlockQuant	ops-nn	quant
aclnnGroupedDynamicMxQuant	ops-nn	quant
aclnnGroupedMatmulAdd	ops-transformer	gmm
aclnnGroupedMatmulAddV2	ops-transformer	gmm
aclnnGroupedMatMulAllReduce	ops-transformer	mc2
aclnnGroupedMatMulAlltoAllv	ops-transformer	mc2
aclnnGroupedMatmulFinalizeRouting	ops-transformer	gmm
aclnnGroupedMatmulFinalizeRoutingV2	ops-transformer	gmm
aclnnGroupedMatmulFinalizeRoutingV3	ops-transformer	gmm
aclnnGroupedMatmulFinalizeRoutingWeightNz	ops-transformer	gmm
aclnnGroupedMatmulFinalizeRoutingWeightNzV2	ops-transformer	gmm
aclnnGroupedMatmul	ops-transformer	gmm
aclnnGroupedMatmulSwigluQuant	ops-transformer	gmm
aclnnGroupedMatmulSwigluQuantV2	ops-transformer	gmm
aclnnGroupedMatmulSwigluQuantWeightNZ	ops-transformer	gmm
aclnnGroupedMatmulSwigluQuantWeightNzV2	ops-transformer	gmm
aclnnGroupedMatmulV2	ops-transformer	gmm
aclnnGroupedMatmulV3	ops-transformer	gmm
aclnnGroupedMatmulV4	ops-transformer	gmm
aclnnGroupedMatmulV5	ops-transformer	gmm
aclnnGroupedMatmulWeightNz	ops-transformer	gmm
aclnnGroupNormBackward	ops-nn	norm
aclnnGroupNorm	ops-nn	norm
aclnnGroupNormSilu	ops-nn	norm
aclnnGroupNormSiluQuant	ops-nn	norm
aclnnGroupNormSiluV2	ops-nn	norm
aclnnGroupNormSwishGrad	ops-nn	norm
aclnnGroupNormSwish	ops-nn	norm
aclnnGroupQuant	ops-nn	quant
aclnnGtScalar	ops-math	experimental
aclnnGtScalar	ops-math	math
aclnnGtTensor	ops-math	experimental
aclnnGtTensor	ops-math	math
aclnnHansDecode	ops-math	math
aclnnHansEncode	ops-math	math
aclnnHardshrinkBackward	ops-nn	activation
aclnnHardshrink	ops-nn	activation
aclnnHardsigmoidBackward	ops-nn	activation
aclnnHardsigmoidBackward	ops-nn	experimental
aclnnHardsigmoid	ops-nn	activation
aclnnHardswishBackward	ops-nn	activation
aclnnHardswishBackwardV2	ops-nn	activation
aclnnHardswish	ops-nn	activation
aclnnHardtanhBackward	ops-nn	activation
aclnnHardtanhBackward	ops-nn	experimental
aclnnHardtanh	ops-math	conversion
aclnnHardtanh	ops-math	experimental
aclnnHeaviside	ops-nn	activation
aclnnHistc	ops-math	math
aclnnIm2colBackward	ops-cv	image
aclnnIm2col	ops-math	conversion
aclnnIncreFlashAttention	ops-transformer	attention
aclnnIncreFlashAttentionV2	ops-transformer	attention
aclnnIncreFlashAttentionV3	ops-transformer	attention
aclnnIncreFlashAttentionV4	ops-transformer	attention
aclnnIndexAdd	ops-nn	index
aclnnIndexAddV2	ops-nn	index
aclnnIndexCopy	ops-nn	index
aclnnIndexFill	ops-nn	index
aclnnIndexFillTensor	ops-nn	index
aclnnIndex	ops-nn	index
aclnnIndexPutImpl	ops-nn	index
aclnnIndexSelect	ops-nn	index
aclnnInplaceAcosh	ops-math	math
aclnnInplaceAcos	ops-math	experimental
aclnnInplaceAcos	ops-math	math
aclnnInplaceAddbmm	ops-nn	matmul
aclnnInplaceAddcdiv	ops-math	experimental
aclnnInplaceAddcdiv	ops-math	math
aclnnInplaceAddcmul	ops-math	experimental
aclnnInplaceAddcmul	ops-math	math
aclnnInplaceAddmm	ops-nn	matmul
aclnnInplaceAdd	ops-math	math
aclnnInplaceAddRelu	ops-nn	activation
aclnnInplaceAddRmsNorm	ops-nn	norm
aclnnInplaceAddr	ops-math	math
aclnnInplaceAdds	ops-math	math
aclnnInplaceAddV3	ops-math	math
aclnnInplaceAsinh	ops-math	experimental
aclnnInplaceAsinh	ops-math	math
aclnnInplaceAsin	ops-math	math
aclnnInplaceAtan2	ops-math	math
aclnnInplaceAtanh	ops-math	math
aclnnInplaceAtan	ops-math	math
aclnnInplaceAttentionWorkerScheduler	ops-transformer	attention
aclnnInplaceBaddbmm	ops-nn	matmul
aclnnInplaceBernoulli	ops-math	random
aclnnInplaceBernoulliTensor	ops-math	random
aclnnInplaceBitwiseAndScalar	ops-math	experimental
aclnnInplaceBitwiseAndScalar	ops-math	math
aclnnInplaceBitwiseAndTensor	ops-math	experimental
aclnnInplaceBitwiseAndTensor	ops-math	math
aclnnInplaceBitwiseAndTensorOut	ops-math	math
aclnnInplaceBitwiseOrScalar	ops-math	math
aclnnInplaceBitwiseOrTensor	ops-math	math
aclnnInplaceBitwiseXorScalar	ops-math	math
aclnnInplaceBitwiseXorTensor	ops-math	math
aclnnInplaceCeil	ops-math	math
aclnnInplaceCelu	ops-nn	activation
aclnnInplaceClampMax	ops-math	conversion
aclnnInplaceClampMax	ops-math	experimental
aclnnInplaceClampMaxTensor	ops-math	conversion
aclnnInplaceClampMaxTensor	ops-math	experimental
aclnnInplaceClampMinTensor	ops-math	conversion
aclnnInplaceClampMinTensor	ops-math	experimental
aclnnInplaceCopy	ops-math	conversion
aclnnInplaceCosh	ops-math	math
aclnnInplaceCos	ops-math	experimental
aclnnInplaceCos	ops-math	math
aclnnInplaceCumprod	ops-math	math
aclnnInplaceDivMod	ops-math	math
aclnnInplaceDivMods	ops-math	math
aclnnInplaceDiv	ops-math	math
aclnnInplaceDivs	ops-math	math
aclnnInplaceElu	ops-nn	activation
aclnnInplaceEqScalar	ops-math	math
aclnnInplaceEqTensor	ops-math	math
aclnnInplaceErfc	ops-math	math
aclnnInplaceErfinv	ops-nn	activation
aclnnInplaceErf	ops-math	experimental
aclnnInplaceErf	ops-math	math
aclnnInplaceExp2	ops-math	math
aclnnInplaceExpm1	ops-math	math
aclnnInplaceExp	ops-math	experimental
aclnnInplaceExp	ops-math	math
aclnnInplaceFfnWorkerScheduler	ops-transformer	ffn
aclnnInplaceFillDiagonal	ops-math	conversion
aclnnInplaceFillScalar	ops-math	conversion
aclnnInplaceFillScalar	ops-math	experimental
aclnnInplaceFillTensor	ops-math	conversion
aclnnInplaceFillTensor	ops-math	experimental
aclnnInplaceFloorDivide	ops-math	math
aclnnInplaceFloorDivides	ops-math	math
aclnnInplaceFloor	ops-math	experimental
aclnnInplaceFloor	ops-math	math
aclnnInplaceFmodScalar	ops-math	math
aclnnInplaceFmodTensor	ops-math	math
aclnnInplaceFrac	ops-math	math
aclnnInplaceGeScalar	ops-math	math
aclnnInplaceGeTensor	ops-math	math
aclnnInplaceGtScalar	ops-math	experimental
aclnnInplaceGtScalar	ops-math	math
aclnnInplaceGtTensor	ops-math	experimental
aclnnInplaceGtTensor	ops-math	math
aclnnInplaceHardsigmoid	ops-nn	activation
aclnnInplaceHardswish	ops-nn	activation
aclnnInplaceHardtanh	ops-math	conversion
aclnnInplaceHardtanh	ops-math	experimental
aclnnInplaceIndexCopy	ops-nn	index
aclnnInplaceIndexFill	ops-nn	index
aclnnInplaceIndexFillTensor	ops-nn	index
aclnnInplaceLeakyRelu	ops-nn	activation
aclnnInplaceLerp	ops-math	experimental
aclnnInplaceLerp	ops-math	math
aclnnInplaceLerps	ops-math	experimental
aclnnInplaceLerps	ops-math	math
aclnnInplaceLeScalar	ops-math	math
aclnnInplaceLeTensor	ops-math	math
aclnnInplaceLog10	ops-math	math
aclnnInplaceLog1p	ops-math	math
aclnnInplaceLog2	ops-math	math
aclnnInplaceLogicalAnd	ops-math	math
aclnnInplaceLogicalNot	ops-math	math
aclnnInplaceLogicalOr	ops-math	math
aclnnInplaceLog	ops-math	experimental
aclnnInplaceLog	ops-math	math
aclnnInplaceLtScalar	ops-math	experimental
aclnnInplaceLtScalar	ops-math	math
aclnnInplaceLtTensor	ops-math	experimental
aclnnInplaceLtTensor	ops-math	math
aclnnInplaceMaskedFillScalar	ops-math	conversion
aclnnInplaceMaskedFillTensor	ops-math	conversion
aclnnInplaceMaskedScatter	ops-nn	index
aclnnInplaceMatmulAllReduceAddRmsNorm	ops-transformer	mc2
aclnnInplaceMish	ops-nn	activation
aclnnInplaceMul	ops-math	math
aclnnInplaceMuls	ops-math	math
aclnnInplaceNanToNum	ops-math	experimental
aclnnInplaceNanToNum	ops-math	math
aclnnInplaceNeg	ops-math	experimental
aclnnInplaceNeg	ops-math	math
aclnnInplaceNeScalar	ops-math	experimental
aclnnInplaceNeScalar	ops-math	math
aclnnInplaceNeTensor	ops-math	experimental
aclnnInplaceNeTensor	ops-math	math
aclnnInplaceNormal	ops-math	random
aclnnInplaceNormalTensor	ops-math	random
aclnnInplaceOne	ops-math	experimental
aclnnInplaceOne	ops-math	math
aclnnInplacePowTensorScalar	ops-math	math
aclnnInplacePowTensorTensor	ops-math	math
aclnnInplacePut	ops-nn	index
aclnnInplaceQuantMatmulAllReduceAddRmsNorm	ops-transformer	mc2
aclnnInplaceQuantScatter	ops-nn	index
aclnnInplaceQuantScatterV2	ops-nn	index
aclnnInplaceRandom	ops-math	random
aclnnInplaceRandomTensor	ops-math	random
aclnnInplaceReciprocal	ops-math	experimental
aclnnInplaceReciprocal	ops-math	math
aclnnInplaceRelu	ops-nn	activation
aclnnInplaceRemainderTensorScalar	ops-math	math
aclnnInplaceRemainderTensorTensor	ops-math	math
aclnnInplaceRenorm	ops-nn	norm
aclnnInplaceRoundDecimals	ops-math	math
aclnnInplaceRound	ops-math	math
aclnnInplaceRReluWithNoise	ops-nn	activation
aclnnInplaceRsqrt	ops-math	experimental
aclnnInplaceRsqrt	ops-math	math
aclnnInplaceScatter	ops-nn	index
aclnnInplaceScatterUpdate	ops-nn	index
aclnnInplaceScatterValue	ops-nn	index
aclnnInplaceSelu	ops-nn	activation
aclnnInplaceSigmoid	ops-nn	activation
aclnnInplaceSinc	ops-math	math
aclnnInplaceSinh	ops-math	math
aclnnInplaceSin	ops-math	experimental
aclnnInplaceSin	ops-math	math
aclnnInplaceSqrt	ops-math	math
aclnnInplaceSub	ops-math	math
aclnnInplaceSubs	ops-math	math
aclnnInplaceTanh	ops-math	math
aclnnInplaceTan	ops-math	math
aclnnInplaceThreshold	ops-nn	activation
aclnnInplaceTril	ops-math	conversion
aclnnInplaceTriu	ops-math	conversion
aclnnInplaceTrunc	ops-math	math
aclnnInplaceUniform	ops-math	random
aclnnInplaceUniformTensor	ops-math	random
aclnnInplaceWeightQuantMatmulAllReduceAddRmsNorm	ops-transformer	mc2
aclnnInplaceXLogYScalarOther	ops-math	math
aclnnInplaceXLogYTensor	ops-math	math
aclnnInplaceZero	ops-math	math
aclnnInstanceNorm	ops-nn	norm
aclnnInterleaveRope	ops-transformer	posembedding
aclnnInverse	ops-nn	index
aclnnIou	ops-cv	objdetect
aclnnIsClose	ops-math	math
aclnnIsFinite	ops-math	math
aclnnIsInf	ops-math	math
aclnnIsInScalarTensor	ops-math	math
aclnnIsInTensorScalar	ops-math	math
aclnnIsNegInf	ops-math	math
aclnnIsPosInf	ops-math	math
aclnnKlDivBackward	ops-nn	loss
aclnnKlDiv	ops-math	math
aclnnKlDivTargetBackward	ops-nn	loss
aclnnKthvalue	ops-nn	index
aclnnKvRmsNormRopeCache	ops-transformer	posembedding
aclnnL1LossBackward	ops-nn	loss
aclnnL1Loss	ops-nn	loss
aclnnLayerNormBackward	ops-nn	norm
aclnnLayerNorm	ops-nn	norm
aclnnLayerNormQuant	ops-nn	norm
aclnnLayerNormWithImplMode	ops-nn	norm
aclnnLeakyReluBackward	ops-nn	activation
aclnnLeakyRelu	ops-nn	activation
aclnnLeftShift	ops-math	math
aclnnLeftShifts	ops-math	math
aclnnLerp	ops-math	experimental
aclnnLerp	ops-math	math
aclnnLerps	ops-math	experimental
aclnnLerps	ops-math	math
aclnnLeScalar	ops-math	math
aclnnLeTensor	ops-math	math
aclnnLgamma	ops-math	math
aclnnLightningIndexerGrad	ops-transformer	attention
aclnnLightningIndexer	ops-transformer	attention
aclnnLinalgCholesky	ops-math	math
aclnnLinalgCross	ops-math	math
aclnnLinalgQr	ops-math	math
aclnnLinalgVectorNorm	ops-nn	norm
aclnnLinspace	ops-math	math
aclnnLog10	ops-math	math
aclnnLog1p	ops-math	math
aclnnLog2	ops-math	math
aclnnLogAddExp2	ops-math	math
aclnnLogAddExp	ops-math	math
aclnnLogdet	ops-math	math
aclnnLogicalAnd	ops-math	experimental
aclnnLogicalAnd	ops-math	math
aclnnLogicalNot	ops-math	experimental
aclnnLogicalNot	ops-math	math
aclnnLogicalOr	ops-math	experimental
aclnnLogicalOr	ops-math	math
aclnnLogicalXor	ops-math	experimental
aclnnLogicalXor	ops-math	math
aclnnLogitGrad	ops-nn	loss
aclnnLogit	ops-nn	loss
aclnnLog	ops-math	experimental
aclnnLog	ops-math	math
aclnnLogSigmoidBackward	ops-nn	activation
aclnnLogSigmoidForward	ops-nn	activation
aclnnLogSigmoid	ops-nn	activation
aclnnLogSoftmaxBackward	ops-nn	activation
aclnnLogSoftmax	ops-nn	activation
aclnnLogSpace	ops-math	math
aclnnLogSumExp	ops-math	math
aclnnLstmBackward	ops-nn	rnn
aclnnLSTM	ops-nn	rnn
aclnnLtScalar	ops-math	experimental
aclnnLtScalar	ops-math	math
aclnnLtTensor	ops-math	experimental
aclnnLtTensor	ops-math	math
aclnnMaskedScale	ops-math	math
aclnnMaskedSelect	ops-math	conversion
aclnnMaskedSoftmaxWithRelPosBias	ops-nn	norm
aclnnMatmulAllReduceAddRmsNorm	ops-transformer	mc2
aclnnMatmulAllReduce	ops-transformer	mc2
aclnnMatmulAllReduceV2	ops-transformer	mc2
aclnnMatmulAlltoAll	ops-transformer	mc2
aclnnMatmulCompressDequant	ops-math	conversion
aclnnMatmulCompress	ops-nn	matmul
aclnnMatmul	ops-nn	matmul
aclnnMatmulReduceScatter	ops-transformer	mc2
aclnnMatmulReduceScatterV2	ops-transformer	mc2
aclnnMatmulWeightNz	ops-nn	matmul
aclnnMaxDim	ops-math	math
aclnnMaximum	ops-math	math
aclnnMaxN	ops-math	math
aclnnMax	ops-math	math
aclnnMaxPool2dWithIndicesBackward	ops-nn	pooling
aclnnMaxPool2dWithIndices	ops-nn	pooling
aclnnMaxPool2dWithMaskBackward	ops-nn	pooling
aclnnMaxPool2dWithMask	ops-nn	pooling
aclnnMaxPool3dWithArgmaxBackward	ops-nn	pooling
aclnnMaxPool3dWithArgmax	ops-nn	pooling
aclnnMaxPool	ops-nn	pooling
aclnnMaxUnpool2dBackward	ops-nn	index
aclnnMaxUnpool2d	ops-nn	index
aclnnMaxUnpool3dBackward	ops-nn	index
aclnnMaxUnpool3d	ops-nn	index
aclnnMaxV2	ops-math	math
aclnnMean	ops-math	math
aclnnMeanV2	ops-math	math
aclnnMedianDim	ops-nn	index
aclnnMedian	ops-nn	index
aclnnMhcPost	ops-transformer	mhc
aclnnMhcPre	ops-transformer	mhc
aclnnMhcSinkhorn	ops-transformer	mhc
aclnnMinDim	ops-math	math
aclnnMinimum	ops-math	math
aclnnMinN	ops-math	math
aclnnMin	ops-math	math
aclnnMishBackward	ops-nn	activation
aclnnMishBackward	ops-nn	experimental
aclnnMish	ops-nn	activation
aclnnMlaPreprocess	ops-transformer	attention
aclnnMlaPreprocessV2	ops-transformer	attention
aclnnMlaProlog	ops-transformer	attention
aclnnMlaPrologV2WeightNz	ops-transformer	attention
aclnnMlaPrologV3WeightNz	ops-transformer	attention
aclnnMm	ops-nn	matmul
aclnnModulateBackward	ops-nn	vfusion
aclnnModulate	ops-nn	vfusion
aclnnMoeComputeExpertTokens	ops-transformer	moe
aclnnMoeDistributeCombineAddRmsNorm	ops-transformer	mc2
aclnnMoeDistributeCombineAddRmsNormV2	ops-transformer	mc2
aclnnMoeDistributeCombine	ops-transformer	mc2
aclnnMoeDistributeCombineSetup	ops-transformer	mc2
aclnnMoeDistributeCombineTeardown	ops-transformer	mc2
aclnnMoeDistributeCombineV2	ops-transformer	mc2
aclnnMoeDistributeCombineV3	ops-transformer	mc2
aclnnMoeDistributeCombineV4	ops-transformer	mc2
aclnnMoeDistributeDispatch	ops-transformer	mc2
aclnnMoeDistributeDispatchSetup	ops-transformer	mc2
aclnnMoeDistributeDispatchTeardown	ops-transformer	mc2
aclnnMoeDistributeDispatchV2	ops-transformer	mc2
aclnnMoeDistributeDispatchV3	ops-transformer	mc2
aclnnMoeDistributeDispatchV4	ops-transformer	mc2
aclnnMoeFinalizeRouting	ops-transformer	moe
aclnnMoeFinalizeRoutingV2Grad	ops-transformer	moe
aclnnMoeFinalizeRoutingV2	ops-transformer	moe
aclnnMoeFinalizeRoutingV3	ops-transformer	moe
aclnnMoeFusedTopk	ops-transformer	moe
aclnnMoeGatingTopK	ops-transformer	moe
aclnnMoeGatingTopKSoftmax	ops-transformer	moe
aclnnMoeGatingTopKSoftmaxV2	ops-transformer	moe
aclnnMoeInitRouting	ops-transformer	moe
aclnnMoeInitRoutingQuant	ops-transformer	moe
aclnnMoeInitRoutingQuantV2	ops-transformer	moe
aclnnMoeInitRoutingV2Grad	ops-transformer	moe
aclnnMoeInitRoutingV2	ops-transformer	moe
aclnnMoeInitRoutingV3	ops-transformer	moe
aclnnMoeTokenPermuteGrad	ops-transformer	moe
aclnnMoeTokenPermute	ops-transformer	moe
aclnnMoeTokenPermuteWithEpGrad	ops-transformer	moe
aclnnMoeTokenPermuteWithEp	ops-transformer	moe
aclnnMoeTokenPermuteWithRoutingMapGrad	ops-transformer	moe
aclnnMoeTokenPermuteWithRoutingMap	ops-transformer	moe
aclnnMoeTokenUnpermuteGrad	ops-transformer	moe
aclnnMoeTokenUnpermute	ops-transformer	moe
aclnnMoeTokenUnpermuteWithEpGrad	ops-transformer	moe
aclnnMoeTokenUnpermuteWithEp	ops-transformer	moe
aclnnMoeTokenUnpermuteWithRoutingMapGrad	ops-transformer	moe
aclnnMoeTokenUnpermuteWithRoutingMap	ops-transformer	moe
aclnnMoeUpdateExpert	ops-transformer	mc2
aclnnMrgbaCustom	ops-cv	objdetect
aclnnMseLossBackward	ops-nn	loss
aclnnMseLoss	ops-nn	loss
aclnnMseLossOut	ops-nn	loss
aclnnMul	ops-math	math
aclnnMuls	ops-math	math
aclnnMultilabelMarginLoss	ops-nn	loss
aclnnMultinomial	ops-math	random
aclnnMultinomialTensor	ops-math	random
aclnnMultiScaleDeformableAttentionGrad	ops-nn	vfusion
aclnnMultiScaleDeformableAttnFunction	ops-nn	vfusion
aclnnMv	ops-nn	matmul
aclnnNanMedianDim	ops-nn	index
aclnnNanMedian	ops-nn	index
aclnnNanToNum	ops-math	experimental
aclnnNanToNum	ops-math	math
aclnnNeg	ops-math	experimental
aclnnNeg	ops-math	math
aclnnNeScalar	ops-math	experimental
aclnnNeScalar	ops-math	math
aclnnNeTensor	ops-math	experimental
aclnnNeTensor	ops-math	math
aclnnNLLLoss2dBackward	ops-nn	loss
aclnnNLLLoss2d	ops-nn	loss
aclnnNLLLossBackward	ops-nn	loss
aclnnNLLLoss	ops-nn	loss
aclnnNonMaxSuppression	ops-cv	objdetect
aclnnNonzero	ops-nn	index
aclnnNonzeroV2	ops-nn	index
aclnnNormalFloatFloat	ops-math	random
aclnnNormalFloatTensor	ops-math	random
aclnnNormalTensorFloat	ops-math	random
aclnnNormalTensorTensor	ops-math	random
aclnnNorm	ops-nn	norm
aclnnNormRopeConcatBackward	ops-transformer	posembedding
aclnnNormRopeConcat	ops-transformer	posembedding
aclnnNpuFormatCast	ops-math	conversion
aclnnNsaCompressAttentionInfer	ops-transformer	attention
aclnnNsaCompressAttention	ops-transformer	attention
aclnnNsaCompressGrad	ops-transformer	attention
aclnnNsaCompress	ops-transformer	attention
aclnnNsaCompressWithCache	ops-transformer	attention
aclnnNsaSelectedAttentionGrad	ops-transformer	attention
aclnnNsaSelectedAttentionInfer	ops-transformer	attention
aclnnNsaSelectedAttention	ops-transformer	attention
aclnnOneHot	ops-math	math
aclnnPdistForward	ops-math	math
aclnnPdist	ops-math	math
aclnnPermute	ops-math	conversion
aclnnPolar	ops-math	math
aclnnPowScalarTensor	ops-math	math
aclnnPowTensorScalar	ops-math	math
aclnnPowTensorTensor	ops-math	math
aclnnPrecisionCompare	ops-math	math
aclnnPreluBackward	ops-nn	activation
aclnnPrelu	ops-nn	activation
aclnnProdDim	ops-math	math
aclnnProd	ops-math	math
aclnnPromptFlashAttention	ops-transformer	attention
aclnnPromptFlashAttentionV2	ops-transformer	attention
aclnnPromptFlashAttentionV3	ops-transformer	attention
aclnnQkvRmsNormRopeCache	ops-transformer	posembedding
aclnnQr	ops-math	math
aclnnQuantAllReduce	ops-transformer	mc2
aclnnQuantBatchMatmulInplaceAdd	ops-nn	matmul
aclnnQuantConvolution	ops-nn	conv
aclnnQuantConvolutionWeightNz	ops-nn	conv
aclnnQuantFlashAttentionScoreGrad	ops-transformer	attention
aclnnQuantFlashAttentionScore	ops-transformer	attention
aclnnQuantGroupedMatMulAlltoAllv	ops-transformer	mc2
aclnnQuantGroupedMatmulDequant	ops-transformer	gmm
aclnnQuantGroupedMatmulDequantWeightNZ	ops-transformer	gmm
aclnnQuantGroupedMatmulInplaceAdd	ops-transformer	gmm
aclnnQuantizedBatchNorm	ops-nn	norm
aclnnQuantize	ops-nn	quant
aclnnQuantMatmulAllReduceAddRmsNorm	ops-transformer	mc2
aclnnQuantMatmulAllReduce	ops-transformer	mc2
aclnnQuantMatmulAllReduceV2	ops-transformer	mc2
aclnnQuantMatmulAllReduceV3	ops-transformer	mc2
aclnnQuantMatmulAllReduceV4	ops-transformer	mc2
aclnnQuantMatmulAlltoAll	ops-transformer	mc2
aclnnQuantMatmulDequant	ops-nn	matmul
aclnnQuantMatmul	ops-nn	matmul
aclnnQuantMatmulReduceSumWeightNz	ops-nn	matmul
aclnnQuantMatmulV2	ops-nn	matmul
aclnnQuantMatmulV3	ops-nn	matmul
aclnnQuantMatmulV4	ops-nn	matmul
aclnnQuantMatmulV5	ops-nn	matmul
aclnnQuantMatmulWeightNz	ops-nn	matmul
aclnnQuantReduceScatter	ops-transformer	mc2
aclnnRainFusionAttention	ops-transformer	attention
aclnnRandperm	ops-math	random
aclnnRange	ops-math	math
aclnnRasterizer	ops-cv	image
aclnnRealDiv	ops-math	experimental
aclnnReal	ops-math	experimental
aclnnReal	ops-math	math
aclnnReciprocal	ops-math	experimental
aclnnReciprocal	ops-math	math
aclnnRecurrentGatedDeltaRule	ops-transformer	attention
aclnnReduceLogSum	ops-math	math
aclnnReduceNansum	ops-math	experimental
aclnnReduceNansum	ops-math	math
aclnnReduceSum	ops-math	math
aclnnReflectionPad1dBackward	ops-math	conversion
aclnnReflectionPad1d	ops-math	conversion
aclnnReflectionPad2dBackward	ops-math	conversion
aclnnReflectionPad2d	ops-math	conversion
aclnnReflectionPad3dBackward	ops-math	conversion
aclnnReflectionPad3d	ops-math	conversion
aclnnRelu	ops-nn	activation
aclnnRemainderScalarTensor	ops-math	math
aclnnRemainderTensorScalar	ops-math	math
aclnnRemainderTensorTensor	ops-math	experimental
aclnnRemainderTensorTensor	ops-math	math
aclnnRenorm	ops-nn	norm
aclnnRepeatInterleaveGrad	ops-nn	index
aclnnRepeatInterleaveInt	ops-nn	index
aclnnRepeatInterleaveIntWithDim	ops-nn	index
aclnnRepeatInterleave	ops-nn	index
aclnnRepeatInterleaveTensor	ops-nn	index
aclnnRepeatInterleaveWithDim	ops-nn	index
aclnnRepeat	ops-math	math
aclnnReplicationPad1dBackward	ops-math	conversion
aclnnReplicationPad1d	ops-math	conversion
aclnnReplicationPad2dBackward	ops-math	conversion
aclnnReplicationPad2d	ops-math	conversion
aclnnReplicationPad3dBackward	ops-math	conversion
aclnnReplicationPad3d	ops-math	conversion
aclnnResize	ops-cv	image
aclnnRightShift	ops-math	math
aclnnRingAttentionUpdate	ops-transformer	attention
aclnnRingAttentionUpdateV2	ops-transformer	attention
aclnnRmsNormDynamicMxQuant	ops-nn	norm
aclnnRmsNormGrad	ops-nn	norm
aclnnRmsNorm	ops-nn	norm
aclnnRmsNormQuant	ops-nn	norm
aclnnRoiAlign	ops-cv	objdetect
aclnnRoiAlignRotatedGrad	ops-cv	objdetect
aclnnRoiAlignRotated	ops-cv	objdetect
aclnnRoiAlignV2Backward	ops-cv	objdetect
aclnnRoiAlignV2	ops-cv	objdetect
aclnnRoiPoolingGradWithArgMax	ops-cv	objdetect
aclnnRoiPoolingWithArgMax	ops-cv	objdetect
aclnnRoll	ops-math	conversion
aclnnRopeWithSinCosCache	ops-transformer	posembedding
aclnnRopeWithSinCosCacheV2	ops-transformer	posembedding
aclnnRotaryPositionEmbeddingGrad	ops-transformer	posembedding
aclnnRotaryPositionEmbedding	ops-transformer	posembedding
aclnnRotaryPositionEmbeddingV2	ops-transformer	posembedding
aclnnRoundDecimals	ops-math	math
aclnnRound	ops-math	experimental
aclnnRound	ops-math	math
aclnnRReluWithNoise	ops-nn	activation
aclnnRsqrt	ops-math	experimental
aclnnRsqrt	ops-math	math
aclnnRsub	ops-math	math
aclnnRsubs	ops-math	math
aclnnScaledMaskedSoftmaxBackward	ops-nn	vfusion
aclnnScaledMaskedSoftmax	ops-nn	vfusion
aclnnScale	ops-math	math
aclnnScatterAdd	ops-nn	index
aclnnScatterList	ops-nn	index
aclnnScatterNd	ops-nn	index
aclnnScatterNdUpdate	ops-nn	index
aclnnScatter	ops-nn	index
aclnnScatterPaCache	ops-transformer	attention
aclnnScatterPaKvCache	ops-transformer	attention
aclnnScatterValue	ops-nn	index
aclnnSearchSorted	ops-math	math
aclnnSearchSorteds	ops-math	math
aclnnSeluBackward	ops-nn	activation
aclnnSelu	ops-nn	activation
aclnnShrink	ops-nn	activation
aclnnSigmoidBackward	ops-nn	activation
aclnnSigmoidBackward	ops-nn	experimental
aclnnSigmoid	ops-nn	activation
aclnnSignbit	ops-math	experimental
aclnnSignbit	ops-math	math
aclnnSignBitsPack	ops-math	math
aclnnSignBitsUnpack	ops-math	math
aclnnSign	ops-math	experimental
aclnnSign	ops-math	math
aclnnSilentCheck	ops-math	math
aclnnSilentCheckV2	ops-math	math
aclnnSiluBackward	ops-nn	activation
aclnnSiluMul	ops-nn	experimental
aclnnSilu	ops-nn	activation
aclnnSimThreadExponential	ops-math	random
aclnnSinc	ops-math	math
aclnnSinh	ops-math	math
aclnnSinkhorn	ops-math	math
aclnnSin	ops-math	experimental
aclnnSin	ops-math	math
aclnnSlice	ops-math	conversion
aclnnSliceV2	ops-math	conversion
aclnnSlogdet	ops-math	math
aclnnSmoothL1LossBackward	ops-nn	loss
aclnnSmoothL1Loss	ops-nn	loss
aclnnSoftMarginLossBackward	ops-nn	loss
aclnnSoftMarginLoss	ops-nn	experimental
aclnnSoftMarginLoss	ops-nn	loss
aclnnSoftmaxBackward	ops-nn	activation
aclnnSoftmaxCrossEntropyWithLogits	ops-nn	activation
aclnnSoftmax	ops-nn	activation
aclnnSoftplusBackward	ops-nn	activation
aclnnSoftplus	ops-nn	activation
aclnnSoftplus	ops-nn	experimental
aclnnSoftshrinkBackward	ops-nn	activation
aclnnSoftshrink	ops-nn	activation
aclnnSoftsignBackward	ops-nn	experimental
aclnnSoftsign	ops-nn	experimental
aclnnSort	ops-math	math
aclnnSparse4to2QuantMatmulWeightNz	ops-nn	matmul
aclnnSparseFlashAttentionGrad	ops-transformer	attention
aclnnSparseFlashAttention	ops-transformer	attention
aclnnSparseLightningIndexerGradKLLoss	ops-transformer	attention
aclnnSplitTensor	ops-math	conversion
aclnnSplitWithSize	ops-math	conversion
aclnnSqrt	ops-math	experimental
aclnnSqrt	ops-math	math
aclnnSquaredRelu	ops-nn	activation
aclnnSquare	ops-math	math
aclnnStack	ops-math	conversion
aclnnStdMeanCorrection	ops-math	math
aclnnStd	ops-math	math
aclnnStridedSliceAssignV2	ops-math	conversion
aclnnStridedSlice	ops-math	conversion
aclnnSub	ops-math	math
aclnnSubs	ops-math	math
aclnnSum	ops-math	experimental
aclnnSum	ops-math	math
aclnnSvd	ops-math	math
aclnnSWhere	ops-math	experimental
aclnnSWhere	ops-math	math
aclnnSwiGluGrad	ops-nn	activation
aclnnSwigluMxQuant	ops-nn	quant
aclnnSwiGlu	ops-nn	activation
aclnnSwiGluQuant	ops-nn	quant
aclnnSwiGluQuantV2	ops-nn	quant
aclnnSwinAttentionScoreQuant	ops-transformer	attention
aclnnSwinTransformerLnQkvQuant	ops-transformer	ffn
aclnnSwishBackward	ops-nn	activation
aclnnSwishBackward	ops-nn	experimental
aclnnSwish	ops-nn	activation
aclnnSyncBatchNormGatherStats	ops-nn	norm
aclnnTake	ops-nn	index
aclnnTanhBackward	ops-math	math
aclnnTanh	ops-math	math
aclnnTan	ops-math	experimental
aclnnTan	ops-math	math
aclnnTfScatterAdd	ops-nn	index
aclnnThnnFusedLstmCellBackward	ops-nn	rnn
aclnnThnnFusedLstmCell	ops-nn	rnn
aclnnThreeInterpolateBackward	ops-cv	image
aclnnThresholdBackward	ops-nn	activation
aclnnThresholdBackward	ops-nn	experimental
aclnnThreshold	ops-nn	activation
aclnnTopk	ops-math	math
aclnnTopKTopPSample	ops-nn	index
aclnnTopKTopPSampleV2	ops-nn	index
aclnnTrace	ops-math	math
aclnnTransConvolutionWeight	ops-math	conversion
aclnnTransformBiasRescaleQkv	ops-math	math
aclnnTransMatmulWeight	ops-math	conversion
aclnnTransposeBatchMatMul	ops-nn	matmul
aclnnTransposeBatchMatMulWeightNZ	ops-nn	matmul
aclnnTransposeQuantBatchMatMul	ops-nn	matmul
aclnnTransQuantParam	ops-nn	quant
aclnnTransQuantParamV2	ops-nn	quant
aclnnTransQuantParamV3	ops-nn	quant
aclnnTransSparse4to2Para	ops-nn	matmul
aclnnTriangularSolve	ops-math	math
aclnnTril	ops-math	conversion
aclnnTriu	ops-math	conversion
aclnnTrunc	ops-math	math
aclnnUnfoldGrad	ops-math	conversion
aclnnUnique2	ops-nn	index
aclnnUniqueConsecutive	ops-nn	index
aclnnUniqueDim	ops-nn	index
aclnnUnique	ops-nn	index
aclnnUpsampleBicubic2dAAGrad	ops-cv	image
aclnnUpsampleBicubic2dAA	ops-cv	image
aclnnUpsampleBicubic2dBackward	ops-cv	image
aclnnUpsampleBicubic2d	ops-cv	image
aclnnUpsampleBilinear2dAABackward	ops-cv	image
aclnnUpsampleBilinear2dAA	ops-cv	image
aclnnUpsampleBilinear2dBackward	ops-cv	image
aclnnUpsampleBilinear2dBackwardV2	ops-cv	image
aclnnUpsampleBilinear2d	ops-cv	image
aclnnUpsampleLinear1dBackward	ops-cv	image
aclnnUpsampleLinear1d	ops-cv	image
aclnnUpsampleNearest1dBackward	ops-cv	image
aclnnUpsampleNearest1d	ops-cv	image
aclnnUpsampleNearest1dV2	ops-cv	image
aclnnUpsampleNearest2dBackward	ops-cv	image
aclnnUpsampleNearest2d	ops-cv	image
aclnnUpsampleNearest2dV2	ops-cv	image
aclnnUpsampleNearest3dBackward	ops-cv	image
aclnnUpsampleNearest3d	ops-cv	image
aclnnUpsampleNearestExact1dBackward	ops-cv	image
aclnnUpsampleNearestExact1d	ops-cv	image
aclnnUpsampleNearestExact2dBackward	ops-cv	image
aclnnUpsampleNearestExact2d	ops-cv	image
aclnnUpsampleNearestExact3dBackward	ops-cv	image
aclnnUpsampleNearestExact3d	ops-cv	image
aclnnUpsampleTrilinear3dBackward	ops-cv	image
aclnnUpsampleTrilinear3d	ops-cv	image
aclnnVarCorrection	ops-math	math
aclnnVarMean	ops-math	math
aclnnVar	ops-math	math
aclnnWeightQuantBatchMatmulNz	ops-nn	matmul
aclnnWeightQuantBatchMatmul	ops-nn	matmul
aclnnWeightQuantBatchMatmulV2	ops-nn	matmul
aclnnWeightQuantBatchMatmulV3	ops-nn	matmul
aclnnWeightQuantMatmulAllReduceAddRmsNorm	ops-transformer	mc2
aclnnWeightQuantMatmulAllReduce	ops-transformer	mc2
aclnnXLogYScalarOther	ops-math	math
aclnnXLogYScalarSelf	ops-math	math
aclnnXLogYTensor	ops-math	math
